,text,BIO_anno,class,bank_topic
0,交行14年用过，半年准备提额，却直接被降到1Ｋ，半年期间只T过一次三千，其它全部真实消费，第六个月的时候为了增加评分提额，还特意分期两万，但降额后电话投诉，申请提...,B-BANK I-BANK O O O O O O O O O O B-COMMENTS_N I-COMMENTS_N O O O O O B-COMMENTS_ADJ I-COMMENTS_ADJ O O O O O O O O O O O O O O O O O O O O O B-COMMENTS_N I-COMMENTS_N O O O O O O O O O O B-COMMENTS_N I-COMMENTS_N O O B-COMMENTS_N I-COMMENTS_N O O O O B-PRODUCT I-PRODUCT O O O O B-COMMENTS_ADJ O O O O O O O O O O O O O,0,建设银行
1,单标我有了，最近visa双标返现活动好,B-PRODUCT I-PRODUCT O O O O O O B-PRODUCT I-PRODUCT I-PRODUCT I-PRODUCT B-PRODUCT I-PRODUCT B-COMMENTS_N I-COMMENTS_N I-COMMENTS_N I-COMMENTS_N B-COMMENTS_ADJ,1,建设银行
2,建设银行提额很慢的……,B-BANK I-BANK I-BANK I-BANK B-COMMENTS_N I-COMMENTS_N B-COMMENTS_ADJ I-COMMENTS_ADJ O O O,0,建设银行
3,孙女士在原恒泰农村合作银行存入50万元，同年9月又存款50万元。2014年，恒泰农村合作银行进行改制，改制后的银行便是枣庄农商银行。,O O O O O B-BANK I-BANK I-BANK I-BANK I-BANK I-BANK I-BANK I-BANK O O O O O O O O O O O O B-PRODUCT I-PRODUCT O O O O O O O O O O O B-BANK I-BANK I-BANK I-BANK I-BANK I-BANK I-BANK I-BANK O O O O O O O O O O O O O B-BANK I-BANK I-BANK I-BANK I-BANK I-BANK O,2,
4,我的怎么显示0.25费率，而且不管分多少期都一样费率，可惜只有69k,O O O O O O O O O O B-COMMENTS_N I-COMMENTS_N O O O O O O B-COMMENTS_ADJ I-COMMENTS_ADJ O O O O B-COMMENTS_N I-COMMENTS_N O B-COMMENTS_ADJ I-COMMENTS_ADJ B-COMMENTS_ADJ I-COMMENTS_ADJ O O O,2,建设银行
5,利率不错，可以撸,B-COMMENTS_N I-COMMENTS_N B-COMMENTS_ADJ I-COMMENTS_ADJ O O O O,1,建设银行
6,不能??好像房贷跟信用卡是分开审核的反正我的不得,B-COMMENTS_ADJ I-COMMENTS_ADJ O O O O B-PRODUCT I-PRODUCT O B-PRODUCT I-PRODUCT I-PRODUCT O O O B-COMMENTS_N I-COMMENTS_N O O O O O O O,2,
7,我感觉这样才是合理的，花呗白条没要那么多信息，照样可以给额度。有征信威慑，没那么多人敢借了不还。与其眉毛胡子一把抓，还不如按额度区间对客户进行不同程度的调查，免...,O O O O O O O B-COMMENTS_ADJ I-COMMENTS_ADJ O O B-PRODUCT I-PRODUCT B-PRODUCT I-PRODUCT O O O O O O O O O O O O O B-COMMENTS_N I-COMMENTS_N O O B-PRODUCT I-PRODUCT O O O O O O O O O O O O O O O O O O O O O O O O O O O O B-COMMENTS_N I-COMMENTS_N O O O O O O O O O O O O O O O O O O O,2,建设银行
8,羡慕，可能上个月申请多了。上月连续下了浦发广发华夏交通。这个月申请建行，农业??邮储各种秒拒，买了点建行理财，3个月后在看...,B-COMMENTS_ADJ I-COMMENTS_ADJ O O O O O O O O O O O O O O O O O B-BANK I-BANK B-BANK I-BANK B-BANK I-BANK B-BANK I-BANK O O O O O O B-BANK I-BANK O B-BANK I-BANK O O B-BANK I-BANK O O O B-COMMENTS_ADJ O O O O B-BANK I-BANK B-PRODUCT I-PRODUCT O O O O O O O O O O,0,
9,这个短债只是用来提升信誉刷建行预审批的，又不是什么赚钱的基金。也只有建行有卖，我买过，不但不赚钱还会亏本的。...,O O B-PRODUCT I-PRODUCT O O O O B-COMMENTS_ADJ I-COMMENTS_ADJ O O O B-BANK I-BANK B-COMMENTS_N I-COMMENTS_N I-COMMENTS_N O O O O O O O B-COMMENTS_ADJ I-COMMENTS_ADJ O B-PRODUCT I-PRODUCT O O B-COMMENTS_ADJ I-COMMENTS_ADJ B-BANK I-BANK O O O O O O O O O B-COMMENTS_ADJ I-COMMENTS_ADJ I-COMMENTS_ADJ O O B-COMMENTS_ADJ I-COMMENTS_ADJ O O O O O,0,建设银行
10,打电话问中信信用卡为啥没批呗,O O O O O O B-PRODUCT I-PRODUCT I-PRODUCT O O O O O,2,
11,大部分是凉的,O O O O O O,0,建设银行
12,这几天也接到了建行的分期电话，让我1.6分12期，跟他说5000，3期，意思意思。快两年了还没首提，心塞,O O O O O O O B-BANK I-BANK O B-PRODUCT I-PRODUCT O O O O O O O O O O O O O O O O O O O O O O O O O O O O O O O O O O O B-COMMENTS_N I-COMMENTS_N O B-COMMENTS_ADJ I-COMMENTS_ADJ,0,建设银行
13,我是建行贷款，别的银行信用卡没还，账单大概4w,O O B-BANK I-BANK B-PRODUCT I-PRODUCT O O O O O B-PRODUCT I-PRODUCT I-PRODUCT O O O B-COMMENTS_N I-COMMENTS_N O O O O,2,建设银行
14,微粒贷，借呗，这些也是多头的因素。因为这些都上征信。我两行卡，都是多头。因为我也是有使用微粒贷，花呗，借呗，白条。查征信显示这些全部上征信了。...,B-PRODUCT I-PRODUCT I-PRODUCT O B-PRODUCT I-PRODUCT O O O O O O O O O O O O O O O O O B-PRODUCT I-PRODUCT O O O O O O O O O O O O O O O O O O O B-PRODUCT I-PRODUCT I-PRODUCT O B-PRODUCT I-PRODUCT O B-PRODUCT I-PRODUCT O B-PRODUCT I-PRODUCT O O B-PRODUCT I-PRODUCT O O O O O O O B-PRODUCT I-PRODUCT O O O O O,2,建设银行
15,别急。说不准的。第一次过的时候也审核了十几天。不过最后全额度通过。利息高就没用,B-COMMENTS_ADJ I-COMMENTS_ADJ O O B-COMMENTS_ADJ I-COMMENTS_ADJ O O O O O O O O O O B-COMMENTS_N I-COMMENTS_N O O O O O O O O O B-COMMENTS_N I-COMMENTS_N O O O O B-COMMENTS_N I-COMMENTS_N B-COMMENTS_ADJ O O O,0,建设银行
16,如果单从利率方面来讲，五大行(中，农，工，建，交)的低利率是其他地方性商业银行无法相比的。但是申请进件要求肯定比其他银行高很多。非抵押纯信贷，年化约为5%～8%,O O O O B-COMMENTS_N I-COMMENTS_N O O O O O B-BANK I-BANK I-BANK O O O O O O O O O O O O B-COMMENTS_ADJ B-COMMENTS_N I-COMMENTS_N O O O O O O O O O O O O O O O O O O O O O O O O O O O O O O O O B-COMMENTS_ADJ I-COMMENTS_ADJ O O B-COMMENTS_N I-COMMENTS_N O B-PRODUCT I-PRODUCT O B-COMMENTS_N I-COMMENTS_N O O O O O O O,1,Nan
17,确定不是智商税？,O O O O B-COMMENTS_ADJ I-COMMENTS_ADJ I-COMMENTS_ADJ O,0,民生银行
18,近日，山东枣庄。2009年7月，孙女士在原恒泰农村合作银行存入50万元，同年9月又存款50万元。2014年，恒泰农村合作银行进行改制，改制后的银行便是枣庄农商银行。2014年下半年，孙女士取钱时发现存折上仅有1块钱，孙女士将枣庄农商银行告上法庭。法院判决枣庄农商银行薛城支行，向孙女士支付存款100万元及相应利息。2021年7月1日，法院对枣庄农商银行薛城支行立案换种方式执行，执行标的为100万。,O O O O O O O O O O O O O O O O O O O O O B-BANK I-BANK I-BANK I-BANK I-BANK I-BANK I-BANK I-BANK O O O O O O O O O O O O B-PRODUCT I-PRODUCT O O O O O O O O O O O B-BANK I-BANK I-BANK I-BANK I-BANK I-BANK I-BANK I-BANK O O O O O O O O O O O O O B-BANK I-BANK I-BANK I-BANK I-BANK I-BANK O O O O O O O O O O O O O O O O O O O O O O O O O O O O O O O B-BANK I-BANK I-BANK I-BANK I-BANK I-BANK O O O O O O O O O B-BANK I-BANK I-BANK I-BANK I-BANK I-BANK O O O O O O O O O B-COMMENTS_N I-COMMENTS_N B-PRODUCT I-PRODUCT O O O O O O O O B-COMMENTS_N I-COMMENTS_N O O O O O O O O O O O O O O B-BANK I-BANK I-BANK I-BANK I-BANK I-BANK O O O O O O O O O O O O O O O O O O O O O O O,0,其它银行
19,银行耍无赖啊,O O O O O O,0,其它银行
20,★★★★★工商43农业1中国123建设51,O O O O O B-BANK I-BANK O O O O O B-BANK I-BANK O O O B-BANK I-BANK O O,2,其它银行
21,当然是拿来买基金啊，白嫖多香。,O O O O O O B-PRODUCT I-PRODUCT O O O O B-COMMENTS_ADJ I-COMMENTS_ADJ O,2,其它银行
22,都是褥羊毛而已，生不了钱，日常薅羊毛还是很开心的哦,O O O O O O O O O O O O O O O O O O O O O B-COMMENTS_ADJ I-COMMENTS_ADJ O O,2,
23,讨厌一天到晚做广告的ID,B-COMMENTS_ADJ I-COMMENTS_ADJ O O O O O O O O O O,0,其它银行
24,已阅，喜欢是因为这里是温馨的虚拟社区,O O O B-COMMENTS_ADJ I-COMMENTS_ADJ O O O O O O B-COMMENTS_ADJ I-COMMENTS_ADJ O O O O O,1,其它银行
25,打卡参加7.2，羊毛免费,O O O O O O O O O O B-COMMENTS_ADJ I-COMMENTS_ADJ,2,
26,2021年7月2日打卡参加活动--楊楊【肆】开心薅羊毛,O O O O O O O O O O O O O O O O O O O O O O B-COMMENTS_ADJ I-COMMENTS_ADJ O O O,2,
27,你这活动贴今天2号才发出来，但是活动需要7.1-7.31，不符合逻辑啊，是不是搞错了,O O O O O O O O O O O O O O O O O O O O O O O O O O O O O O O O O O O O O O O O B-COMMENTS_ADJ I-COMMENTS_ADJ,2,
28,7.2签到，不过老哥你今天发的，1号不算吧？,O O O O O O O O O O O O O O O O O O O O O O,2,其它银行
29,这个活动，7.2才发出来的，是不是从7.2开始呢？,O O O O O O O O O O O O O O O O O O O O O O O O O,2,其它银行
30,7.2出的活动，那7.1没发主题帖是不是就没有签到之星的勋章了。。。,O O O O O O O O O O O O O O O O O O O O O O O O O O O O O O O O O O,2,其它银行
31,打卡参加活动，薅羊毛的快乐,O O O O O O O O O O O B-COMMENTS_ADJ I-COMMENTS_ADJ,2,
32,努力攒币中,B-COMMENTS_ADJ I-COMMENTS_ADJ O O O,2,其它银行
33,一年多不申卡了，只能晒下已有的,O O O O B-COMMENTS_N I-COMMENTS_N O O B-COMMENTS_ADJ I-COMMENTS_ADJ O O O O O,2,其它银行
34,晒晒“断”卡，我的招行卡猫咪卡,O O O O O O O O O B-BANK I-BANK O O O O,2,
35,链接如下：,O O O O O,2,其它银行
36,交行_197k　民生_217k　中行_125k　工行_158k,B-BANK I-BANK O O O O O O B-BANK I-BANK O O O O O O B-BANK I-BANK O O O O O O B-BANK I-BANK O O O O O,2,其它银行
37,去坛子内提问，有个第二期的活动贴，去那问，很多人会回答。{:1_1:},O O O O O O O O O O O O O O O O O O O O O B-COMMENTS_ADJ I-COMMENTS_ADJ O O O O O O O O O O O O,2,建设银行
38,https://bbs.51credit.com/thread-4753952-1-1.html,O O O O O O O O O O O O O O O O O O O O O O O O O O O O O O O O O O O O O O O O O O O O O O O O,2,建设银行
39,工商84000,B-BANK I-BANK O O O O O,2,建设银行
40,招行15.0W,B-BANK I-BANK O O O O O,2,建设银行
41,还是我主动去手银申请的,O O O O O O B-PRODUCT I-PRODUCT O O O,2,建设银行
42,江西银行100K兴业115K,B-BANK I-BANK I-BANK I-BANK O O O O B-BANK I-BANK O O O O,2,建设银行
43,已经成功拿下农行信用卡首卡，开心一下,O O O O O O B-BANK I-BANK B-PRODUCT I-PRODUCT I-PRODUCT B-PRODUCT I-PRODUCT O B-COMMENTS_ADJ I-COMMENTS_ADJ O O,2,
44,我4星加常年10几个小砖，他拒我76次，最近一年流水大概700多万吧，没见过那个预审批额度出来，我还是白户呢，应该不存在卡多问题，也没有贷款逾期，申什么拒什么，估计没人...,O O O O O O O O O O O O O O B-COMMENTS_ADJ O O O O O O O O O B-COMMENTS_N I-COMMENTS_N O O O O O O O O O O O O O O B-COMMENTS_N I-COMMENTS_N I-COMMENTS_N B-COMMENTS_N I-COMMENTS_N O O O O O O B-COMMENTS_N I-COMMENTS_N O O O O O O O O O O O O O O O B-PRODUCT I-PRODUCT B-COMMENTS_N I-COMMENTS_N O O O O B-COMMENTS_ADJ O O O O O O O O O O,0,建设银行
45,申请普卡呢？或者把你单位类型包装一哈。,O O B-PRODUCT I-PRODUCT O O O O O O O O O O O O O O O,2,建设银行
46,版主辛苦！为什么有的人可以全额现金分期，我只能分一半，是卡种不同，还是怎么着，望指教，感谢！,O O O O O O O O O O O O O B-COMMENTS_N I-COMMENTS_N O O B-PRODUCT I-PRODUCT O O B-COMMENTS_ADJ I-COMMENTS_ADJ O O O O O O O O O O O O O O O O O O O O O O O,2,建设银行
47,建行居然永远不算新户？怪不得多少年了积分还在,B-BANK I-BANK O O O O O O B-COMMENTS_N I-COMMENTS_N O B-COMMENTS_ADJ I-COMMENTS_ADJ I-COMMENTS_ADJ B-COMMENTS_ADJ I-COMMENTS_ADJ O O B-PRODUCT I-PRODUCT O O,2,建设银行
48,兴业pass金67k,B-BANK I-BANK O O O O O O O O,2,建设银行
49,201305招商银行201501建设银行,O O O O O O O O O O O O O O O O B-BANK I-BANK I-BANK I-BANK,2,建设银行
50,中信5.28,B-BANK I-BANK O O O O,2,建设银行
51,班主大人，没有临时额度是不是点固定肯定是凉凉？代码r52,O O O O O O O B-COMMENTS_N I-COMMENTS_N I-COMMENTS_N I-COMMENTS_N O O O O O O O O O B-COMMENTS_ADJ I-COMMENTS_ADJ O O O O O O,0,建设银行
52,建行多长时间提固定？,B-BANK I-BANK B-COMMENTS_ADJ I-COMMENTS_ADJ O O B-COMMENTS_N I-COMMENTS_N I-COMMENTS_N O,2,建设银行
53,提固一次就显示授信过高，如何破？,B-COMMENTS_N I-COMMENTS_N O O O O O B-COMMENTS_N I-COMMENTS_N B-COMMENTS_ADJ I-COMMENTS_ADJ O O O O O,2,建设银行
54,发过授信的帖子，销卡，搬砖。,O O B-COMMENTS_N I-COMMENTS_N O O O O B-COMMENTS_N I-COMMENTS_N O O O O,2,建设银行
55,已经7行9张卡，怕消了不给下,O O O O O O O O B-COMMENTS_ADJ O O O O O,2,建设银行
56,中信34K（淘宝V、i白、lu.xu.ry）,B-BANK I-BANK O O O O O O O O O O O O O O O O O O O O,2,建设银行
57,唯一一张万年不提万元以下的卡是建行的,O O O O O O O O O O O O O O O B-BANK I-BANK O,2,建设银行
58,建行的提额，所有人都很迷糊。,B-BANK I-BANK O B-COMMENTS_N I-COMMENTS_N O O O O O O B-COMMENTS_ADJ I-COMMENTS_ADJ O,2,建设银行
59,七八年了农行还是6千，别的行7万多的都有了,O O O O B-BANK I-BANK O O O O O O O O O O O O O O O,2,
60,是啊，都差不多，建行的小套路，没个七八顿的饭局，看来是问不出来了。,O O O O B-COMMENTS_ADJ I-COMMENTS_ADJ I-COMMENTS_ADJ O B-BANK I-BANK O B-COMMENTS_ADJ O O O O O O O O O O O O O O O O O O O O O,0,建设银行
61,我怎么打不开？,O O O O O O O,2,建设银行
62,3天前申请，无征信获批，浦发,O O O O O O O B-PRODUCT I-PRODUCT O O O B-BANK I-BANK,2,
63,是不是呀，买银行的理财还是要用心选的,O O O O O O O O O B-PRODUCT I-PRODUCT O O O O O O O,2,
64,我这里的建行想办大额，看重的最容易的就是房产证,O O O O B-BANK I-BANK O O B-COMMENTS_N I-COMMENTS_N O O O O O B-COMMENTS_ADJ I-COMMENTS_ADJ O O O O O O,2,建设银行
65,斑竹辛苦了。,O O B-COMMENTS_ADJ I-COMMENTS_ADJ O O,2,建设银行
66,k代表什么啊？完全不清楚,O O O O O O O O O B-COMMENTS_ADJ I-COMMENTS_ADJ I-COMMENTS_ADJ,2,
67,下了，50k额度,O O O O O O B-COMMENTS_N I-COMMENTS_N,2,建设银行
68,无卡有卡??额度多少在线等,O O O O O O B-COMMENTS_N I-COMMENTS_N B-COMMENTS_ADJ I-COMMENTS_ADJ O O O,2,
69,楼主优质，额度很赞！,O O B-COMMENTS_ADJ I-COMMENTS_ADJ O B-COMMENTS_N I-COMMENTS_N B-COMMENTS_ADJ I-COMMENTS_ADJ O,1,建设银行
70,后面额度不知道好提不，据说5万以上不会提额，困难,O O O O O O O B-COMMENTS_ADJ O O O O O O O O O O O B-COMMENTS_N I-COMMENTS_N O B-COMMENTS_ADJ I-COMMENTS_ADJ,2,建设银行
71,提前恭喜,O O B-COMMENTS_ADJ I-COMMENTS_ADJ,1,建设银行
72,恭喜下卡坐等额度,B-COMMENTS_ADJ I-COMMENTS_ADJ B-COMMENTS_N I-COMMENTS_N O O B-COMMENTS_N I-COMMENTS_N,1,建设银行
73,预审额度多少下了5万,O O B-COMMENTS_N I-COMMENTS_N B-COMMENTS_ADJ I-COMMENTS_ADJ O O O O,2,建设银行
74,是那个信用卡预审批额度吗，我看了下6000,O O O B-PRODUCT I-PRODUCT I-PRODUCT O B-COMMENTS_N I-COMMENTS_N B-COMMENTS_N I-COMMENTS_N O O O O O O O O O O,2,建设银行
75,6000下了5万？真牛??是在网上申的,O O O O O O O O O B-COMMENTS_ADJ I-COMMENTS_ADJ O O O O O O O O,2,
76,说下你的社保和公积金，看到你的情况，让我有试一试的冲动了,O O O O O O O B-PRODUCT I-PRODUCT I-PRODUCT O O O O O O O O O O O O O O O O O O,2,建设银行
77,审核了多久批的,B-COMMENTS_N I-COMMENTS_N O B-COMMENTS_ADJ I-COMMENTS_ADJ O O,2,建设银行
78,半步封神的额度，离80K的大山也不远了，弄的可以,O O O O O B-COMMENTS_N I-COMMENTS_N O O O O O O O O O O O O O O O O O,2,建设银行
79,我建行卡上学时候办的，到现在十年了，5千额度没提过,O B-BANK I-BANK O O O O O O O O O O O O O O O O O O O O O O,2,建设银行
80,快E贷不是快贷吧？,O O O O O B-PRODUCT I-PRODUCT O O,2,建设银行
81,看到额度没啥惊喜可言,O O B-COMMENTS_N I-COMMENTS_N O O B-COMMENTS_ADJ I-COMMENTS_ADJ O O,2,建设银行
82,很好了,B-COMMENTS_ADJ I-COMMENTS_ADJ I-COMMENTS_ADJ,1,建设银行
83,我靠，100万的额度,O O O O O O O O B-COMMENTS_N I-COMMENTS_N,2,建设银行
84,二卡？额度这么高,O O O B-COMMENTS_N I-COMMENTS_N O O B-COMMENTS_ADJ,2,
85,首卡，额度可以了,B-PRODUCT I-PRODUCT O B-COMMENTS_N I-COMMENTS_N O O O,2,
86,还可以养，我交通就是被我养起来的,O O O O O O B-BANK I-BANK O O O O O O O O,2,
87,我准备半年后下二卡支付白,O O O O O O O O O B-PRODUCT I-PRODUCT I-PRODUCT,2,建设银行
88,额度太低了，小贱提额太难了,B-COMMENTS_N I-COMMENTS_N B-COMMENTS_ADJ I-COMMENTS_ADJ I-COMMENTS_ADJ O O O O O B-COMMENTS_ADJ I-COMMENTS_ADJ I-COMMENTS_ADJ,0,建设银行
89,消了，别犹豫。,O O O O B-COMMENTS_ADJ I-COMMENTS_ADJ O,2,建设银行
90,能下就好，我被贱贱拒了四年还在拒,O O O B-COMMENTS_ADJ O O O O O B-COMMENTS_ADJ O O O O O B-COMMENTS_ADJ,2,建设银行
91,怎样查额度？,O O O B-COMMENTS_N I-COMMENTS_N O,2,建设银行
92,看论坛说提额难,O O O O B-COMMENTS_N I-COMMENTS_N B-COMMENTS_ADJ,0,建设银行
93,我是经历过了，下卡1年连临时额度都没有，一个贷后也没有，直接注销了,O O O O O O O B-COMMENTS_N I-COMMENTS_N O O O B-COMMENTS_N I-COMMENTS_N I-COMMENTS_N I-COMMENTS_N O O O O O O O O O O O O O O B-COMMENTS_N I-COMMENTS_N O,2,建设银行
94,小健的手，一般比较紧,O O O O O O O O O B-COMMENTS_ADJ,2,建设银行
95,提固更难,B-COMMENTS_N I-COMMENTS_N B-COMMENTS_ADJ I-COMMENTS_ADJ,0,建设银行
96,嗯，是，我的建行卡，2次提额，还是赶上活动放水普提。现在到30k，躺着不动了,O O O O O O B-BANK I-BANK O O O O B-COMMENTS_N I-COMMENTS_N O O O O O O O B-COMMENTS_ADJ I-COMMENTS_ADJ O O O O O O O O O O O O O O O,2,建设银行
97,提的快吗,O O B-COMMENTS_ADJ O,2,建设银行
98,那好像是1万吧！刚毕业都是，中信稍微高点吧,O O O O O O O O O O O O O O O O O O B-COMMENTS_ADJ I-COMMENTS_ADJ O,2,
99,是的，论坛第一人，我们都落后了,O O O O O O O O O O O O B-COMMENTS_ADJ I-COMMENTS_ADJ O,2,
100,100万还不够吗,O O O O O B-COMMENTS_ADJ I-COMMENTS_ADJ O,2,建设银行
101,还可以,B-COMMENTS_ADJ I-COMMENTS_ADJ I-COMMENTS_ADJ,2,建设银行
102,我下卡5千，五年多了，都没有动静。这个额度也是没谁了,O B-COMMENTS_N I-COMMENTS_N O O O O O O O O O O O O O O O O B-COMMENTS_N I-COMMENTS_N O O O O O,2,
103,我第一张是ETC，后面下了支付白，汽车卡，额度也一点没给我提,O O O O O B-PRODUCT I-PRODUCT I-PRODUCT O O O O O B-PRODUCT I-PRODUCT I-PRODUCT O B-PRODUCT I-PRODUCT I-PRODUCT O B-COMMENTS_N I-COMMENTS_N O O O O O O O,2,建设银行
104,牛车，我的车贷还完了,O O O O O B-PRODUCT I-PRODUCT O O O,2,
105,能下卡的都是优质客户！,O B-COMMENTS_N I-COMMENTS_N O O O B-COMMENTS_ADJ I-COMMENTS_ADJ O O O,2,建设银行
106,没什么用提额照样拒绝,O O O O B-COMMENTS_N I-COMMENTS_N O O B-COMMENTS_ADJ I-COMMENTS_ADJ,2,建设银行
107,今天下午3半前买070009，明天能确定成功吗？后天星期六，买入时间，是按明天第一天还是按下个星期一第一天？,O O O O O O O O O O O O O O O O O O O O B-COMMENTS_ADJ I-COMMENTS_ADJ O O O O O O O O O O O O O O O O O O O O O O O O O O O O O O O O,2,建设银行
108,我不相信钛金大佬都二卡了还不知道怎么查额度。“卡服务”里面“额度调整”自己所有建行信用卡都会显示呀,O O O O O O O O O O O O O O O O O O O B-COMMENTS_N I-COMMENTS_N O O O O O O O O O B-COMMENTS_N I-COMMENTS_N O O O O O O O B-BANK I-BANK B-PRODUCT I-PRODUCT I-PRODUCT O O O O O,2,建设银行
109,问题是怎么解决5万以上的后续问题呢？达不到10万都是弟弟，至少工商有大概率可以获得10万的，建设的话，大白山有点累...,O O O O O O O O O O O O O O O O O O B-COMMENTS_ADJ I-COMMENTS_ADJ I-COMMENTS_ADJ O O O O O O O O O O B-BANK I-BANK O O O O O O O O O O O O O B-BANK I-BANK O O O O O O O O B-COMMENTS_ADJ O O O,2,建设银行
110,全球支付,B-PRODUCT I-PRODUCT I-PRODUCT I-PRODUCT,2,建设银行
111,留V，想知道你的建行大额卡咋办的,O O O O O O O O B-BANK I-BANK O O O O O O,2,
112,全球支付v主吗还是全球支付银联,B-PRODUCT I-PRODUCT I-PRODUCT I-PRODUCT O O O O O B-PRODUCT I-PRODUCT I-PRODUCT I-PRODUCT B-COMMENTS_N I-COMMENTS_N,2,建设银行
113,v，多交流交流经验，基金是咋赚钱的啊,O O O O O O O O O O B-PRODUCT I-PRODUCT O O O O O O,2,
114,额度查到了吗,B-COMMENTS_N I-COMMENTS_N O O O O,2,建设银行
115,有房贷征信上能查到吧，或许房产证还能有些用，发票不一定能行，我昨天工行首卡也拒了，也想着重新去线下提供购房发票试试，感觉有点靠不住...,O B-PRODUCT I-PRODUCT B-PRODUCT I-PRODUCT O O O O O O O O O O O O O O O O O O O O O O O O O O O O B-BANK I-BANK B-PRODUCT I-PRODUCT O B-COMMENTS_ADJ O O O O O O O O O O O O O O O O O O O O O O O B-COMMENTS_ADJ I-COMMENTS_ADJ I-COMMENTS_ADJ O O O,0,建设银行
116,"看自己需求啊,带娃吃饭啥的，就办招行的，每周三都有活动",O O O O O O O O O O O O O O O O B-BANK I-BANK O O O O O O O O O,2,
117,今天用了，秒批，平安的哦,O O O O O O O O B-BANK I-BANK O O,2,
118,我的利率1.8，有4W4的额度，卡发工资就是借不出来说多头授信哈哈,O O B-COMMENTS_N I-COMMENTS_N O O O O O O O O O B-COMMENTS_N I-COMMENTS_N O O O O O O O O O O O O O O B-COMMENTS_N I-COMMENTS_N O O,2,建设银行
119,1.8是什么神仙信用卡啊,O O O O O O O O B-PRODUCT I-PRODUCT I-PRODUCT O,2,
120,一直没有额度，是不是要在京东买点理财或者建行买点理财才能出额度？,O O O O B-COMMENTS_N I-COMMENTS_N O O O O O O O O O O B-PRODUCT I-PRODUCT O O B-BANK I-BANK O O B-PRODUCT I-PRODUCT O O O B-COMMENTS_N I-COMMENTS_N O,2,建设银行
121,批了不代表有水啊！,O O O O O B-COMMENTS_ADJ I-COMMENTS_ADJ O O,2,建设银行
122,我也是4号申请的，还在审批,O O O O O O O O O O O B-COMMENTS_N I-COMMENTS_N,2,建设银行
123,我依旧被拒了,O O O O B-COMMENTS_ADJ O,2,建设银行
124,征信花了？,B-PRODUCT I-PRODUCT O O O,2,建设银行
125,目前有4万多快贷，7行信用卡。,O O O O O O B-PRODUCT I-PRODUCT O O O B-PRODUCT I-PRODUCT I-PRODUCT O,2,建设银行
126,建行app我刚看完10k没啥惊喜,B-BANK I-BANK O O O O O O O O O O O O B-COMMENTS_ADJ I-COMMENTS_ADJ,2,建设银行
127,又想骗我送人头,O O B-COMMENTS_ADJ O O O O,0,建设银行
128,怎么看额度？,O O O B-COMMENTS_N I-COMMENTS_N O,2,建设银行
129,就怕忍不住,O O B-COMMENTS_ADJ I-COMMENTS_ADJ I-COMMENTS_ADJ,2,建设银行
130,我今天也跟风，批了46k。额度调整哪里可以看到,O O O O O O O O O O O O O B-COMMENTS_N I-COMMENTS_N O O O O O O O O,2,建设银行
131,如果你是六七行以上并且征信带点小花下卡的有可能是放水！,O O O O O O O O O O O B-PRODUCT I-PRODUCT O O O O B-COMMENTS_N I-COMMENTS_N O O O O O B-COMMENTS_ADJ I-COMMENTS_ADJ O,2,建设银行
132,额度管理,B-COMMENTS_N I-COMMENTS_N O O,2,建设银行
133,建行的预审批，可信度有多高？目前有4万多快贷，7行信用卡。微信查有3万预审批额度，不知推倒小贱的概率有没有30%,B-BANK I-BANK O B-COMMENTS_N I-COMMENTS_N I-COMMENTS_N O O O O O B-COMMENTS_ADJ I-COMMENTS_ADJ O O O O O O O B-PRODUCT I-PRODUCT O O O B-PRODUCT I-PRODUCT I-PRODUCT O O O O O O O B-COMMENTS_N I-COMMENTS_N I-COMMENTS_N B-COMMENTS_N I-COMMENTS_N O O O O O O O O O O O O O O O O,2,建设银行
134,没有完整卡号，注册不了手机银行，看不了,O O O O O O O O O O O B-PRODUCT I-PRODUCT I-PRODUCT I-PRODUCT O O O O,2,建设银行
135,建行有公积金贷款能下吗,B-BANK I-BANK O B-PRODUCT I-PRODUCT I-PRODUCT B-PRODUCT I-PRODUCT O O O,2,建设银行
136,行多了也不好下,O O O O B-COMMENTS_ADJ I-COMMENTS_ADJ O,2,建设银行
137,看了建行是你的真爱了！不过建行确实好用！,O O B-BANK I-BANK O O O B-COMMENTS_ADJ I-COMMENTS_ADJ O O O O B-BANK I-BANK O O B-COMMENTS_ADJ I-COMMENTS_ADJ O,1,建设银行
138,稳拒，愿你怀孕了,B-COMMENTS_ADJ I-COMMENTS_ADJ O O O O O O,2,建设银行
139,Giao就完了，提额肯定是有希望的,O O O O O O O O B-COMMENTS_N I-COMMENTS_N O O O O O O O,2,
140,要不隔半年再试试。到时候额度会高些,O O O O O O O O O O O O B-COMMENTS_N I-COMMENTS_N O B-COMMENTS_ADJ O,2,
141,又拒了,O B-COMMENTS_ADJ O,2,建设银行
142,我也是，收了一笔款就变成这样了，额度瞬间就爆了,O O O O O O O O O O O O O O O O B-COMMENTS_N I-COMMENTS_N O O O O O,2,
143,你收的什么款？工商银行？,O O O O O O O B-BANK I-BANK I-BANK I-BANK O,2,
144,建行今天一大堆这样的??不懂要干什么??估计都得去柜台取钱销卡了,B-BANK I-BANK O O O O O O O O O O O O O O O O O O O O O O O O O O O B-COMMENTS_N I-COMMENTS_N O,2,
145,流水是不是很多,B-COMMENTS_N I-COMMENTS_N O O O B-COMMENTS_ADJ I-COMMENTS_ADJ,2,建设银行
146,流水一个月有多少,B-COMMENTS_N I-COMMENTS_N O O O O B-COMMENTS_ADJ I-COMMENTS_ADJ,2,建设银行
147,你怎么也知道今天一大堆这样的,O O O O O O O O O O O O O O,2,建设银行
148,收款还是用信用社这种小地方的卡,B-COMMENTS_N I-COMMENTS_N O O O O O O O O O O O O O,2,建设银行
149,就别人的转账啊，才800多块，金额也不大,O O O O B-COMMENTS_N I-COMMENTS_N O O O O O O O O O B-COMMENTS_N I-COMMENTS_N O B-COMMENTS_ADJ I-COMMENTS_ADJ,2,建设银行
150,信用社的卡不容易风控？,O O O O O B-COMMENTS_ADJ I-COMMENTS_ADJ I-COMMENTS_ADJ B-COMMENTS_N I-COMMENTS_N O,2,建设银行
151,我打客服电话问了，客服说很多人打电话说储蓄卡被封了，我的也是和你的一样，只能去柜台了,O O O O O O O O O O O O B-COMMENTS_ADJ I-COMMENTS_ADJ O O O O O B-PRODUCT I-PRODUCT I-PRODUCT B-COMMENTS_ADJ I-COMMENTS_ADJ I-COMMENTS_ADJ O O O O O O O O O O O B-COMMENTS_ADJ I-COMMENTS_ADJ O O O O,2,建设银行
152,你好请问你的钱取出来了吗，哈焦虑,O O O O O O O O O O O O O O B-COMMENTS_ADJ I-COMMENTS_ADJ,2,
153,早就解封了，平安的还是靠谱的,O O O O O O B-BANK I-BANK O O O B-COMMENTS_ADJ I-COMMENTS_ADJ O,2,
154,请问是去柜台取的吗麻烦你了,O O O O O O O O O B-COMMENTS_ADJ I-COMMENTS_ADJ O O,2,建设银行
155,不是取钱，我是去柜台解封，要到开户行才能解封,O O O O O O O O O O B-PRODUCT I-PRODUCT O O O O O O O O B-PRODUCT I-PRODUCT,2,建设银行
156,你好请问你的取出来了吗，我的没有，心烦,O O O O O O O O O O O O O O O O O B-COMMENTS_ADJ I-COMMENTS_ADJ,2,
157,请问招商银行申请办理信用卡需要什么条件,O O B-BANK I-BANK I-BANK I-BANK O O O O B-PRODUCT I-PRODUCT I-PRODUCT O O O O O O,2,
158,请问今天算是说的6+1吗还是明天才算？,O O O O O O O O O O O O O O O O O O O,2,建设银行
159,那是还了再点还是不还点？,O O O O O O O O O O O O,2,建设银行
160,我下卡从来没提过额度，成功不成功点了才知道,O B-COMMENTS_N I-COMMENTS_N O O O O O O O O O O O O O O O O O O,2,建设银行
161,招行_77k,B-BANK I-BANK O O O O,2,建设银行
162,点了又不会怀孕，是来搞笑的么,O O O O O O O O O O B-COMMENTS_ADJ I-COMMENTS_ADJ O O,2,
163,都可以，你可以尝试申请。没成功也无所谓啊,O O O O O O O O O O O O O B-COMMENTS_ADJ I-COMMENTS_ADJ O O O O O,2,
164,我的首提，是7+1,O O B-COMMENTS_N I-COMMENTS_N O O O O O,2,建设银行
165,出第七个账单后一天？,O O O O B-COMMENTS_N I-COMMENTS_N O O O O,2,建设银行
166,这次坑定了,O O B-COMMENTS_ADJ O O,2,建设银行
167,"本来按理来说是妥妥的建行幼稚客户啊，唯一的可能就是卡多了，小贱应该在行数少的时候申请，你这个预审批很高了。我代发工资每月才4k,秒批。第二行，卡还没到不知道怎么查...",O O O O O O O O O O B-BANK I-BANK B-COMMENTS_ADJ I-COMMENTS_ADJ O O O O O O O O O O O O B-COMMENTS_ADJ O O O O O O O O O O O O O O O O O O O B-COMMENTS_N I-COMMENTS_N I-COMMENTS_N B-COMMENTS_ADJ I-COMMENTS_ADJ O O O O O O O O O O O O O O O O O O O O O O O O O O O O O O O O O,2,建设银行
168,应该可以吧，我的资质一般，刚毕业2年，招行卡2万额度,O O O O O O O O O O O O O O O O O O O B-BANK I-BANK O O O O O,2,
169,这资质八成能过，额度还不会低的,O O O O O O O O B-COMMENTS_N I-COMMENTS_N O O O O O,2,
170,这个走线下完全没有问题！没必要走线上，额度还是有的,O O O O O O O O O O O O O O O O O O O B-COMMENTS_N I-COMMENTS_N O O O O,2,
171,金卡都被拒了……不知道为啥,B-PRODUCT I-PRODUCT O O B-COMMENTS_ADJ O O O O O O O O,2,建设银行
172,这不科学，一般人浦发信用卡都是3万额度起呀,O O O O O O O O O O B-PRODUCT I-PRODUCT I-PRODUCT O O O O B-COMMENTS_N I-COMMENTS_N O O,2,
173,基本能过，兴业的卡是非常好批的,O O O O O B-BANK I-BANK O O O O O O O O,2,
174,应该是当地银行的问题??要线下必须要面签比如工商银行,O O O O O O O O O O O O O O O O O O O O O O B-BANK I-BANK I-BANK I-BANK,2,
175,炫富！建行看不下去，拒绝了,O O O B-BANK I-BANK O O O O O B-COMMENTS_ADJ I-COMMENTS_ADJ O,2,建设银行
176,提前恭祝楼主下卡，下来了，通知一下，我好看看有没有水，好嘛,O O O O O O B-COMMENTS_N I-COMMENTS_N O O O O O O O O O O O O O O O O B-COMMENTS_ADJ I-COMMENTS_ADJ O O O,2,建设银行
177,全美条件这都没下卡？,O O O O O O O B-COMMENTS_N I-COMMENTS_N O,2,建设银行
178,我前面贴图了，金卡都被拒了，百思不得其解,O O O O O O O B-PRODUCT I-PRODUCT O O B-COMMENTS_ADJ O O O O O O O O,2,建设银行
179,这都要拒，贱行真是个奇葩行,O O O B-COMMENTS_ADJ O O O O O O B-COMMENTS_ADJ I-COMMENTS_ADJ O,2,建设银行
180,线下申请给的资料也是一样的啊……难道线下有加成？标准都是一样的吧,O O O O O O O O O O B-COMMENTS_ADJ I-COMMENTS_ADJ O O O O O O O O O O O O O O O O B-COMMENTS_ADJ I-COMMENTS_ADJ O O,2,
181,签约分行是工作地的吗，是的工作地的，工商银行哦,O O O O O O O O O O O O O O O O O O B-BANK I-BANK I-BANK I-BANK O,2,
182,主要是你太优秀了，人工审批的那个哥们还是妹子看你不顺眼！你这么好的资质申请个毛的信用卡！所以拒绝你了,O O O O O B-COMMENTS_ADJ I-COMMENTS_ADJ O O O O B-COMMENTS_N I-COMMENTS_N O O O O O O O O O O O B-COMMENTS_ADJ I-COMMENTS_ADJ I-COMMENTS_ADJ O O B-COMMENTS_ADJ I-COMMENTS_ADJ I-COMMENTS_ADJ O O O O O O O O B-PRODUCT I-PRODUCT I-PRODUCT O O O B-COMMENTS_ADJ I-COMMENTS_ADJ O O,2,建设银行
183,这有啥炫富的……都不算幼稚客户，建行有房贷基本都是5星……,O O O O O O O O O O O B-COMMENTS_ADJ I-COMMENTS_ADJ O O O B-BANK I-BANK O B-PRODUCT I-PRODUCT O O O O O O O O,2,建设银行
184,我有建行房贷三星,O O B-BANK I-BANK B-PRODUCT I-PRODUCT O O,2,建设银行
185,老哥幼稚,O O B-COMMENTS_ADJ I-COMMENTS_ADJ,2,建设银行
186,房贷还了多久？估计和我一样满两年才能下卡,B-PRODUCT I-PRODUCT O O B-COMMENTS_ADJ I-COMMENTS_ADJ O O O O O O O O O O O O B-COMMENTS_N I-COMMENTS_N,2,建设银行
187,可以线下试试大山白,O O O O O O B-PRODUCT I-PRODUCT I-PRODUCT,2,建设银行
188,办理汽车卡,O O B-PRODUCT I-PRODUCT I-PRODUCT,2,建设银行
189,可以线下去申请中信银行的信用卡，比较好申请,O O O O O O O B-BANK I-BANK I-BANK I-BANK O B-PRODUCT I-PRODUCT I-PRODUCT O B-COMMENTS_ADJ I-COMMENTS_ADJ I-COMMENTS_ADJ O O,2,
190,线下去申，资料带齐，秒批，浦发就是,O O O O O O O O O O O O O O O O O,2,
191,去网点申请，直接就给你批了。别网申啊，兴业就是,O O O O O O O O O O O O O O O O O O O B-BANK I-BANK O O,2,
192,以前工资代发，JOY白下卡1.8，几年没升过,O O O O O O O O O O O B-COMMENTS_N I-COMMENTS_N O O O O O O O B-COMMENTS_ADJ O,2,建设银行
193,大山白暂时用不到权益，年费我也吃不消,B-PRODUCT I-PRODUCT I-PRODUCT O O B-COMMENTS_ADJ I-COMMENTS_ADJ I-COMMENTS_ADJ O O O B-COMMENTS_N I-COMMENTS_N O O B-COMMENTS_ADJ I-COMMENTS_ADJ I-COMMENTS_ADJ,2,建设银行
194,年费积分免啊，你可以下来了在申请别的卡销大山,B-COMMENTS_N I-COMMENTS_N B-PRODUCT I-PRODUCT O O O O O O O O O O O O O O O O O O,2,建设银行
195,哈哈，我没有预审批，代发社保公积金，6行批的，老哥命苦,O O O O O O B-COMMENTS_N I-COMMENTS_N I-COMMENTS_N O O O O O B-PRODUCT I-PRODUCT I-PRODUCT O O O O O O O O O O,2,建设银行
196,农行刷免精粹白100K,B-BANK I-BANK O O B-PRODUCT I-PRODUCT I-PRODUCT O O O O,2,建设银行
197,不低了，有这实力当时如果直接申请大山白，估计可以下8万,B-COMMENTS_ADJ I-COMMENTS_ADJ O O O O O O O O O O O O O O B-PRODUCT I-PRODUCT I-PRODUCT O O O O O O O O,2,建设银行
198,低了，不符合你的身份。注销申请大山,B-COMMENTS_ADJ I-COMMENTS_ADJ O O O O O O O O O B-COMMENTS_N I-COMMENTS_N O O O O,2,建设银行
199,算了，1800年费肉疼,O O O O O O O B-COMMENTS_N I-COMMENTS_N O O,2,建设银行
200,后悔了，当时不懂，乱申请的，当时都不知道大山白,B-COMMENTS_ADJ I-COMMENTS_ADJ O O O O O O O B-COMMENTS_ADJ O O O O O O O O O O B-PRODUCT I-PRODUCT I-PRODUCT,2,建设银行
201,不入虎穴焉得虎子，为了额度冲,O O O O O O O O O O O B-COMMENTS_N I-COMMENTS_N O,2,
202,大山白还要操心年费，像我交过一次1800后就消了。,B-PRODUCT I-PRODUCT I-PRODUCT O O O O B-COMMENTS_N I-COMMENTS_N O O O O O O O O O O O O O O O O,2,建设银行
203,可以，就是下卡五万就很难再提上去了,O O O O O B-COMMENTS_N I-COMMENTS_N O O O B-COMMENTS_ADJ I-COMMENTS_ADJ O O O O O,2,建设银行
204,为啥呢，我提额还是比较顺利的啊,O O O O O B-COMMENTS_N I-COMMENTS_N O O O O O O O O,2,
205,五万是个槛，大部分人五万就不容易再往上提了，只能靠大山白了。。。,O O O O O O O O O O O O O B-COMMENTS_ADJ I-COMMENTS_ADJ I-COMMENTS_ADJ O O O O O O B-COMMENTS_ADJ I-COMMENTS_ADJ O B-PRODUCT I-PRODUCT I-PRODUCT O O O O,2,建设银行
206,31K的路过，中信,O O O O O O O O O,2,
207,2万，一年没动，中信,O O O O O O O O O O,2,
208,卡多的，就用冷冻大法,O O O O O O B-COMMENTS_N I-COMMENTS_N O O,2,建设银行
209,2w就没意思了，有点低了吧,O O O O O O O O O O B-COMMENTS_ADJ O O,2,
210,未收到卡之前能看到额度吗？,O O O O O O O O O B-COMMENTS_N I-COMMENTS_N O O,2,建设银行
211,用一段时间在申大山白,O O O O O O O B-PRODUCT I-PRODUCT I-PRODUCT,2,建设银行
212,"2w1,一直不动，可以考虑注销了",O O O O O O O O O O O O O B-COMMENTS_N I-COMMENTS_N O,2,
213,算了，肉的成本1800疼,O O O O O B-COMMENTS_N I-COMMENTS_N O O O O O,2,建设银行
214,5万元是门槛，大部分人都不能轻易再提起来，只能靠,O O O O O O O O O O O O B-COMMENTS_ADJ I-COMMENTS_ADJ B-COMMENTS_ADJ I-COMMENTS_ADJ O O O O O B-COMMENTS_ADJ I-COMMENTS_ADJ O,2,建设银行
215,也是最近。额度还很高呢,O O O O O B-COMMENTS_N I-COMMENTS_N O B-COMMENTS_ADJ I-COMMENTS_ADJ O,2,
216,太高了，留不住吧？,B-COMMENTS_ADJ I-COMMENTS_ADJ O O O O O O O,2,建设银行
217,我能在收到配额之前看到它吗卡？,O O O O O B-COMMENTS_N I-COMMENTS_N O O O O O O O O,2,建设银行
218,是的，我不能上去，但我怕以后不会怀恨在心。卡,O O O O B-COMMENTS_ADJ I-COMMENTS_ADJ O O O O O B-COMMENTS_ADJ O O O O B-COMMENTS_ADJ I-COMMENTS_ADJ O O O O,2,建设银行
219,确实是建行额度调整的短信内容。以前收到过，只要能指定文字。,O O O B-BANK I-BANK B-COMMENTS_N I-COMMENTS_N I-COMMENTS_N I-COMMENTS_N O O O O O O O O O O O O O O O O O O O O,2,建设银行
220,如果发送号码正确！那一定就是对了，太开心了吧,O O O O O O O O O O O O O O O O O O B-COMMENTS_ADJ I-COMMENTS_ADJ O O,2,
221,不是地区吧？白天还有个大佬前几天0.35然后变成0.25呢，降息了,O O O O O O O O O O O O O O O O O O O O O O O O O O O O O O B-COMMENTS_N I-COMMENTS_N O,2,
222,广东的吗，是的就是广东的农商行,O O O O O O O O O O O O B-BANK I-BANK I-BANK,2,
223,有点高了比取现分期还多点,O O B-COMMENTS_ADJ O O B-PRODUCT I-PRODUCT I-PRODUCT I-PRODUCT O B-COMMENTS_ADJ I-COMMENTS_ADJ,2,建设银行
224,0.5高了，相当于每天万三的费率！,O O O B-COMMENTS_ADJ O O O O O O O O O O O O O,2,建设银行
225,我们这里是.4，东北的，感觉是地区，毕竟推广短信是群发，短信就说了费率。问问小银行，很可能有低的，但是小银行推广力度一般不够...,O O O O O O O O O O O O O O O O O O O O O O O O O O O O O O O O O O O O O O O O O O O O O O B-COMMENTS_ADJ O O O O O O O O O O O O O O O O O O,2,建设银行
226,不是推广短信。我已经接过好几次的电话了，银行是有这种分期业务，会给你打电话的,O O O O O O O O O O O O O O O O O O O O O O O O O O B-PRODUCT I-PRODUCT O O O O O O O O O O,2,
227,那就是建行的人，他们能查到谁有额度，然后挨个短信，电话也打。我全接过，而且不止一个人,O O O B-BANK I-BANK O O O O O O O O O O B-COMMENTS_N I-COMMENTS_N O O O O O O O O O O O O O O O O O O O O O O O O O,2,建设银行
228,好几个人，都是当地网点的。他们有提成的，不仅是任务量这么简单。所以贼卖力,O O O O O O O O O O O O O O O O O O O O O O O O O O B-COMMENTS_ADJ I-COMMENTS_ADJ B-COMMENTS_ADJ I-COMMENTS_ADJ O O O O O O,2,建设银行
229,分地区的??比如整个广东除深圳外都是0.5??可能是人多不缺客户??不怕没人用??有些地方可能难推广就打折来推销??它这个利率是整个分行负责区域所有人都是一样的??当时我...,O O O O O O O O O O O O O O O O O O O O O O O O O O O O O O O O O O O O O O O O O O O O O B-COMMENTS_ADJ I-COMMENTS_ADJ I-COMMENTS_ADJ O O O O O O O O O O O O O B-COMMENTS_N I-COMMENTS_N O O O O O O O O O O O O O O O O O O O O O O O O O,2,
230,0350地区0.5，市分行打电话邀请办，我说其他地区0.25或者0.3，分行打电话那个女的还不相信，说不可能吧。还装傻充楞,O O O O O O O O O O O O O O O O O O O O O O O O O O O O O O O O O O O O O O O O O O O O O O O O O O O O O O O O O O B-COMMENTS_ADJ O O,2,
231,我之前0.4现在0.25??167k额度坐标028,O O O O O O O O O O O O O O O O O O B-COMMENTS_N I-COMMENTS_N O O O O O,2,
232,我也是0350，改天去了分行问一下这个，就很清楚了,O O O O O O O O O O O O O O O O O O O O O O B-COMMENTS_ADJ I-COMMENTS_ADJ O,2,
233,手机银行也是0.5,B-PRODUCT I-PRODUCT I-PRODUCT I-PRODUCT O O O O O,2,建设银行
234,确实都是本地网点打来让办理的，本地网点还是靠谱,O O O O O O O O O O O O O O O O O O O O O B-COMMENTS_ADJ I-COMMENTS_ADJ,2,
235,0516区域发的短信，4月30日前5折，只要0.25，我算了下年化大概5.5,O O O O O O O O O O O O O O O O O O O O O O O O O O O O O O O B-COMMENTS_N I-COMMENTS_N O O O O O,2,建设银行
236,021，0.4这个利率怎么样,O O O O O O O O O B-COMMENTS_N I-COMMENTS_N O O O,2,
237,028??0.25 这个更低,O O O O O O O O O O O O O B-COMMENTS_ADJ,2,
238,费率从0.4变成0.25也没推下来！无缘分期通,O O O O O O O O O O O O O O O O O O O O B-PRODUCT I-PRODUCT I-PRODUCT,2,建设银行
239,哈哈，看标题就很想进来看看，都想知道怎么提额的，哈哈哈,O O O O O O O O O O O O O O O O O O O O B-COMMENTS_N I-COMMENTS_N O O O O O,2,
240,0.5高，相当于每天13000！,O O O B-COMMENTS_ADJ O O O O O O O O O O O O,2,建设银行
241,现在有没有必要去进件申请,O O O O O O O O O O O O,2,建设银行
242,不太可能会出9万以上额度，大概率还是共享额度，毕竟大山白也只是8万起步额度,B-COMMENTS_ADJ I-COMMENTS_ADJ I-COMMENTS_ADJ I-COMMENTS_ADJ O O O O O O B-COMMENTS_N I-COMMENTS_N O B-COMMENTS_ADJ I-COMMENTS_ADJ I-COMMENTS_ADJ O O B-COMMENTS_N I-COMMENTS_N I-COMMENTS_N I-COMMENTS_N O O O B-PRODUCT I-PRODUCT I-PRODUCT O O O O O O O B-COMMENTS_N I-COMMENTS_N,2,建设银行
243,授信过高，你没业务来往不建议申，不然就是送年费的。,B-PRODUCT I-PRODUCT B-COMMENTS_ADJ I-COMMENTS_ADJ O O O O O O O O O O O O O O O O O B-COMMENTS_N I-COMMENTS_N O O,2,建设银行
244,主要是权益那些感觉都没什么需要，想着申大山白看看能否曲线提高额度,O O O O O O O O O O O O O O O O O O O B-PRODUCT I-PRODUCT I-PRODUCT O O O O O O B-COMMENTS_ADJ I-COMMENTS_ADJ B-COMMENTS_N I-COMMENTS_N,2,建设银行
245,那就曲线看看吧，反正1800年费随便撸一下就回来了,O O O O O O O O O O O O O O B-COMMENTS_N I-COMMENTS_N O O O O O O O O O,2,建设银行
246,实测不会提额,O O O O B-COMMENTS_N I-COMMENTS_N,2,建设银行
247,兄弟已经试过了吗？提额提了多少呀,O O O O O O O O O B-COMMENTS_N I-COMMENTS_N O O O O O,2,
248,大山8万起步，我大山批了，额度还是8.7w没变,O O O O O O O O O O O O O B-COMMENTS_N I-COMMENTS_N O O O O O O O O,2,建设银行
249,后面提额了吗？,O O B-COMMENTS_N I-COMMENTS_N O O O,2,建设银行
250,并没有，招行的朝朝盈稳健还是可以的,O O O O B-BANK I-BANK O B-PRODUCT I-PRODUCT I-PRODUCT B-COMMENTS_ADJ I-COMMENTS_ADJ O O O O O,2,
251,用了多久了？大山白也那么难提额？,O O B-COMMENTS_ADJ I-COMMENTS_ADJ O O B-PRODUCT I-PRODUCT I-PRODUCT O B-COMMENTS_ADJ I-COMMENTS_ADJ I-COMMENTS_ADJ B-COMMENTS_N I-COMMENTS_N O,2,建设银行
252,大山没用多久,O O O O B-COMMENTS_ADJ I-COMMENTS_ADJ,2,建设银行
253,活捉一枚大山大佬,O O O O O O O O,2,建设银行
254,朱总莫要取笑小弟,O O O O B-COMMENTS_ADJ I-COMMENTS_ADJ O O,2,建设银行
255,这座大山可能我五年都爬不上去，太大了,O O O O O O O O O O O O O O O B-COMMENTS_ADJ I-COMMENTS_ADJ O,2,
256,我浦发销卡两次，间隔一年半，现在怎么都不批卡了怎么破？,O B-BANK I-BANK B-COMMENTS_N I-COMMENTS_N O O O O O O O O O O O O O O O O O O O O O O,2,建设银行
257,那都没必要去白交1800年费了,O O O O O O O O O O O O B-COMMENTS_N I-COMMENTS_N O,2,建设银行
258,中行20万是什么条件申请的？公司高管？还是有大额存款？,B-BANK I-BANK O O O O O O O O O O O O O O O O O O O O B-COMMENTS_ADJ I-COMMENTS_ADJ O O O,2,建设银行
259,后来金额提高了吗？,O O B-COMMENTS_N I-COMMENTS_N B-COMMENTS_ADJ I-COMMENTS_ADJ O O O,2,建设银行
260,配额不太可能超过9万，配额分成的概率还是很大的。毕竟,O O O O O O O O O O O B-COMMENTS_N I-COMMENTS_N I-COMMENTS_N I-COMMENTS_N O O O O O B-COMMENTS_ADJ I-COMMENTS_ADJ O O O O,2,建设银行
261,活捉一个大哥！！！,O O O O O O O O O,2,建设银行
262,用了多久？大山白这么难求？,O O B-COMMENTS_ADJ I-COMMENTS_ADJ O B-PRODUCT I-PRODUCT I-PRODUCT O O B-COMMENTS_ADJ I-COMMENTS_ADJ O,2,建设银行
263,活捉一个大山老板,O O O O O O O O,2,建设银行
264,我这山可能五年都不爬了,O O O O O O O O O O O,2,建设银行
265,一起办，各种基金呀都可以整起来,O O O O O O B-PRODUCT I-PRODUCT O O O O O O O,2,
266,看你自己的需求了，也可两个都申请。额度不会低的,O O O O O O O O O O O O O O O O O B-COMMENTS_N I-COMMENTS_N O O B-COMMENTS_ADJ O,2,
267,不用信用卡也能申分期通，有的网点还会给你加办一张信用卡。。。,O O B-PRODUCT I-PRODUCT I-PRODUCT O O O B-PRODUCT I-PRODUCT I-PRODUCT O O O O O O O O O O O O O B-PRODUCT I-PRODUCT I-PRODUCT O O O,2,建设银行
268,随你，想giao哪个giao哪个，反正都是不错的，看个人需求了,O O O O O O O O O O O O O O O O O O O O O B-COMMENTS_ADJ I-COMMENTS_ADJ O O O O O O O O,2,
269,先搞分期通,O O B-PRODUCT I-PRODUCT I-PRODUCT,2,建设银行
270,能分60期我还想在养养，看看能不能额度再高点，毕竟预审批不一定给九万呢，理想是15万分个60期，差不多就压力不大了...,O O O O O O O O O O O O O O O B-COMMENTS_ADJ I-COMMENTS_ADJ B-COMMENTS_N I-COMMENTS_N O B-COMMENTS_ADJ I-COMMENTS_ADJ O O O B-COMMENTS_N I-COMMENTS_N I-COMMENTS_N O O O O O O O O O O O O O O O O O O O O B-COMMENTS_ADJ I-COMMENTS_ADJ I-COMMENTS_ADJ O O O B-COMMENTS_ADJ I-COMMENTS_ADJ O O O O,2,建设银行
271,卡多不好批??。我15.8额度，申了两次没有批，就因为多头授信。,O O B-COMMENTS_ADJ I-COMMENTS_ADJ O O O O O O O O O O O O O O O O O O O O O O O O O B-COMMENTS_N I-COMMENTS_N O,2,
272,我就一张信用卡一个农商消费贷加一个房贷，准备养养征信在搞工商，现在看到建设分期通还可以啊，毕竟我公积金是建行的，我不玩卡就想备着点银行贷款...,O O O O B-PRODUCT I-PRODUCT I-PRODUCT O O B-BANK I-BANK B-PRODUCT I-PRODUCT I-PRODUCT O O O B-PRODUCT I-PRODUCT O O O O O B-PRODUCT I-PRODUCT O O B-BANK I-BANK O O O O O O O B-PRODUCT I-PRODUCT I-PRODUCT O O O O O O O O B-PRODUCT I-PRODUCT I-PRODUCT O B-BANK I-BANK O O O O O O O O O O O O O B-PRODUCT I-PRODUCT O O O,2,建设银行
273,怎么开公积金到建行的,O O O B-PRODUCT I-PRODUCT I-PRODUCT O B-BANK I-BANK O,2,建设银行
274,也不一定。我卡都5张了，还有借呗，信用卡都用了不少，也没说多头授信,O O O O O O O O O O O O O O B-PRODUCT I-PRODUCT O B-PRODUCT I-PRODUCT I-PRODUCT O O O O O O O O O O O B-PRODUCT I-PRODUCT,2,建设银行
275,我让建行查原因，就是多头授信,O O B-BANK I-BANK O O O O O O O O B-PRODUCT I-PRODUCT,2,建设银行
276,等额度上去再搞吧,O B-COMMENTS_N I-COMMENTS_N O O O O O,2,建设银行
277,我分期通预审批连续三个月涨额度75k-167k，工资卡建行，流水也在建行，两行卡没网贷,O B-PRODUCT I-PRODUCT I-PRODUCT B-COMMENTS_N I-COMMENTS_N I-COMMENTS_N O O O O O B-COMMENTS_ADJ B-COMMENTS_N I-COMMENTS_N O O O O O O O O O O O O B-BANK I-BANK O B-COMMENTS_N I-COMMENTS_N O O B-BANK I-BANK O O O O O B-PRODUCT I-PRODUCT,2,建设银行
278,装修贷款我也能批，但是要回房贷地去走流程，繁琐，不如分期通好，利率都是0025左右吧，目前我分期通是004,O O B-PRODUCT I-PRODUCT O O O O O O O O O B-PRODUCT I-PRODUCT O O O O O O O O O O O B-PRODUCT I-PRODUCT I-PRODUCT B-COMMENTS_ADJ O B-COMMENTS_N I-COMMENTS_N O O O O O O O O O O O O O B-PRODUCT I-PRODUCT I-PRODUCT O O O O,2,建设银行
279,我分期通这个月刚降息，0.25，之前0.4,O B-PRODUCT I-PRODUCT I-PRODUCT O O O O B-COMMENTS_ADJ O O O O O O O O O O O O,2,建设银行
280,我021的还没降，这几天看论坛才知道025了，你需要钱的话可以试试，利息应该很低了，最重要可以分60期,O O O O O O O B-COMMENTS_ADJ O O O O O O O O O O O O O O O O O O O O O O O O O O B-PRODUCT I-PRODUCT O O B-COMMENTS_ADJ I-COMMENTS_ADJ O O O O O O O O O O O,2,建设银行
281,看自己的需求，或者两者都申请?,O O O O O O O O O O O O O O O,2,建设银行
282,卡很难批。?我申请了15.8的名额，但是两次都没批，只是因为,O O B-COMMENTS_ADJ I-COMMENTS_ADJ O O O O O O O O O O O O O O O O O O O O O O O O O O,2,建设银行
283,不一定。?我卡有5本，借了很多贷卡。,O O O O O O O O O O O O O B-COMMENTS_ADJ I-COMMENTS_ADJ O O O,2,建设银行
284,怎么给建行开公积金,O O O B-BANK I-BANK O B-PRODUCT I-PRODUCT I-PRODUCT,2,建设银行
285,卖了，9个月了，没还什么金额,O O O O O O O O O O O O B-COMMENTS_N I-COMMENTS_N,2,建设银行
286,公司开了，额度随便提啊，哈哈哈,O O O O O B-COMMENTS_N I-COMMENTS_N O O O O O O O O,2,
287,我找建行了解原因，就是多次贷款不批。不到申请,O O B-BANK I-BANK O O O O O O O O O B-PRODUCT I-PRODUCT O O O O O O O,2,建设银行
288,名额上去了再说。,O O O O O O O O,2,建设银行
289,严格风险控制,B-COMMENTS_ADJ I-COMMENTS_ADJ O O O O,2,建设银行
290,最近一直游过来游过去。是在吊我吧，浦发,O O O O O O O O O O O O O O O O O B-BANK I-BANK,2,
291,试试啊，试完回来告诉我们下，我也想知道分期，手续费贵不贵,O O O O O O O O O O O O O O O O O O O B-PRODUCT I-PRODUCT O B-COMMENTS_N I-COMMENTS_N I-COMMENTS_N B-COMMENTS_ADJ O B-COMMENTS_ADJ,2,
292,首卡不可以,B-PRODUCT I-PRODUCT O O O,2,建设银行
293,开通了，良民证加人脸识别开通了，在掌上生活直接开通,O O O O O O O O O O O O O O O O O B-PRODUCT I-PRODUCT I-PRODUCT I-PRODUCT O O O O,2,
294,试，试完了再告诉我们，,O O O O O O O O O O O,2,
295,去网点。?网点办信用卡很靠谱,O O O O O O O O B-PRODUCT I-PRODUCT I-PRODUCT O B-COMMENTS_ADJ I-COMMENTS_ADJ,2,
296,行卡但是不能,O O O O B-COMMENTS_ADJ I-COMMENTS_ADJ,2,建设银行
297,为啥不是ems用这无语挂号信！邮政储蓄就是坑,O O O O O O O O O O O O O O O B-BANK I-BANK I-BANK I-BANK O O O,2,
298,明天就到了，兴业的效率还可以,O O O O O O B-BANK I-BANK O O O O O O,2,
299,不会吧？真的，我当时临时想刷个钱交通死活不同意啊,O O O O O O O O O O O O O O O O B-BANK I-BANK O O O O O O,2,
300,曲线成功了？,O O B-COMMENTS_ADJ I-COMMENTS_ADJ O O,2,建设银行
301,同广东路线一样我建行下了三张都是4～5天到,O O O O O O O O B-BANK I-BANK O O O O O O O O O O O,2,建设银行
302,快了,B-COMMENTS_ADJ O,2,建设银行
303,哈哈哈，江高那里是个坑，最能拖了,O O O O O O O O O O B-COMMENTS_ADJ O B-COMMENTS_ADJ O O O,2,建设银行
304,可以自己出钱用更快的快递服务。,O O O O O O O B-COMMENTS_ADJ I-COMMENTS_ADJ O O O O O O,2,建设银行
305,哈哈哈哈啊哈嘿，我的额度提了一倍,O O O O O O O O O O B-COMMENTS_N I-COMMENTS_N O O O O,2,
306,挂号信虽然慢，但是时间长啊,O O O O O B-COMMENTS_ADJ O O O O O B-COMMENTS_ADJ O,2,建设银行
307,狗日的江高,B-COMMENTS_ADJ I-COMMENTS_ADJ O O O,0,建设银行
308,小病也刷不了多少钱，无所谓，但是大病，刷大金额银行就要颤抖了，银行会认为，这客户是不是得了不治之症啊，那钱就要打水漂啦，赶紧降额！！！;P...,O O O O O O B-COMMENTS_ADJ I-COMMENTS_ADJ O O B-COMMENTS_ADJ I-COMMENTS_ADJ I-COMMENTS_ADJ O O O O O O O O B-COMMENTS_N I-COMMENTS_N O O O O O O O O O O O O O O O O O O O O O O O O O O O O O O O O O O O O O O O B-PRODUCT I-PRODUCT O O O O O O O O,2,建设银行
309,可以啊，只是没积分而已,O O O O O O O B-PRODUCT I-PRODUCT O O,2,建设银行
310,你把卡绑老马或者小马然后扫不香嘛？拿着卡到医院刷卡那算公益类消费一分没有！记住走线上扫码！,O O O O O O O O O O O O O B-COMMENTS_ADJ I-COMMENTS_ADJ O O O O O O O O B-COMMENTS_N I-COMMENTS_N O O O O O B-COMMENTS_N I-COMMENTS_N O O O O O O O O O O O O O,2,建设银行
311,只要是正规真实合法商户，除了风险投资类和房产类以外刷什么都可以！,O O O O O O O O O O O O O O B-PRODUCT I-PRODUCT I-PRODUCT I-PRODUCT O O O O O O O O O O O O O O,2,建设银行
312,可以刷，不给刷可以投诉他，保留好发票，降额了可以投诉银行，我一个客户交住院押金4万隔了3个月银行降额，投诉成功，因为他这张卡都是真实消费，我们当地银保监要求银行恢...,B-COMMENTS_ADJ I-COMMENTS_ADJ O O O O O B-COMMENTS_ADJ I-COMMENTS_ADJ B-COMMENTS_N I-COMMENTS_N O O O O O O O O B-PRODUCT I-PRODUCT O B-COMMENTS_ADJ I-COMMENTS_ADJ B-COMMENTS_N I-COMMENTS_N O O O O O O O O O O O O O O O O O O O O O O B-PRODUCT I-PRODUCT O B-COMMENTS_N I-COMMENTS_N O O O O O O O O O O O O O B-COMMENTS_N I-COMMENTS_N O O O O O O O O O O O O O O O O,0,建设银行
313,可以，但是没积分，我前边光大的医院刷了10W，本来半年稳定提一次，结果导致1年半不给提,O O O O O O B-PRODUCT I-PRODUCT O O O O B-BANK I-BANK O O O O O O O O O O O O O B-COMMENTS_ADJ I-COMMENTS_ADJ O O O O O O O O O O O O O O,2,建设银行
314,直接医院刷10w？那会不会被建行查呀,O O O O O O O O O O O O O O B-BANK I-BANK O O,2,
315,你废行额度真高呀,O O O B-COMMENTS_N I-COMMENTS_N B-COMMENTS_ADJ I-COMMENTS_ADJ O,2,建设银行
316,废废居然成了你额度最高的卡。我是不会消废废的总是在我困难的时候没有断过财智金??而且利息还能接受。四大是好可是四大的一万也不能顶2万用。论高额度卡的重要性，真...,O O O O O O O B-COMMENTS_N I-COMMENTS_N B-COMMENTS_ADJ I-COMMENTS_ADJ O O O O O O O O O O O O O O O B-COMMENTS_ADJ I-COMMENTS_ADJ O O O O O O O O O O O O O O B-PRODUCT I-PRODUCT O O O O O O O O O O O O O O O O O B-COMMENTS_ADJ I-COMMENTS_ADJ O O O O O O O B-COMMENTS_N I-COMMENTS_N O O O O O O O O O O,2,
317,刷空还上再刷空,O O O O O O O,2,建设银行
318,可以刷，银行赚不到钱，去医院都不是什么好事，现实的社会，以后提额难,O O O O O O O O O O O O O O O O O O O O O O O O O O O O O O B-PRODUCT I-PRODUCT B-COMMENTS_ADJ,2,建设银行
319,太狠了你这。要被你玩废了,B-COMMENTS_ADJ I-COMMENTS_ADJ O O O O O O O O O O,0,建设银行
320,这预审批可以冲下大山白,O B-COMMENTS_N I-COMMENTS_N I-COMMENTS_N O O O O B-PRODUCT I-PRODUCT I-PRODUCT,2,建设银行
321,100k预审批？这么牛的，bilibili卡，全球支付白，芭比白，Joy卡都可以刷免，只有大山白和挚爱卡是刚性年费,O O O O B-COMMENTS_N I-COMMENTS_N I-COMMENTS_N O O O O O O B-PRODUCT I-PRODUCT I-PRODUCT I-PRODUCT I-PRODUCT I-PRODUCT I-PRODUCT I-PRODUCT I-PRODUCT O B-PRODUCT I-PRODUCT I-PRODUCT I-PRODUCT I-PRODUCT O B-PRODUCT I-PRODUCT I-PRODUCT O O O O O O O O O O O B-COMMENTS_ADJ I-COMMENTS_ADJ B-PRODUCT I-PRODUCT I-PRODUCT O B-PRODUCT I-PRODUCT I-PRODUCT O O O B-COMMENTS_N I-COMMENTS_N,2,建设银行
322,有小白金，好像是刷12笔免年费,O B-PRODUCT I-PRODUCT I-PRODUCT O O O O O O O O O B-COMMENTS_N I-COMMENTS_N,2,建设银行
323,名字叫什么，在哪里申请呢，我看额度还可以啊,O O O O O O O O O O O O O O O B-COMMENTS_N I-COMMENTS_N O B-COMMENTS_ADJ I-COMMENTS_ADJ O,2,
324,年费头铁，有没有刷几笔免年费的白金卡呢？,B-COMMENTS_N I-COMMENTS_N O O O O O O O O O O B-COMMENTS_N I-COMMENTS_N O B-PRODUCT I-PRODUCT I-PRODUCT O O,2,建设银行
325,支付白，芭比白？,B-PRODUCT I-PRODUCT I-PRODUCT O B-PRODUCT I-PRODUCT I-PRODUCT O,2,建设银行
326,支付白是哪个？全球支付好像只有普通版，没有白金版的呀？？不懂在哪里,B-PRODUCT I-PRODUCT I-PRODUCT O O O O B-PRODUCT I-PRODUCT I-PRODUCT I-PRODUCT O O B-COMMENTS_ADJ I-COMMENTS_ADJ O O O O B-COMMENTS_ADJ I-COMMENTS_ADJ O O O O O O O B-COMMENTS_ADJ I-COMMENTS_ADJ O O O,2,建设银行
327,全球支付是N个账户么？,B-PRODUCT I-PRODUCT I-PRODUCT I-PRODUCT O O O B-COMMENTS_N I-COMMENTS_N O O,2,建设银行
328,你看下有没有预审批,O O O O O O B-COMMENTS_N I-COMMENTS_N I-COMMENTS_N,2,建设银行
329,希望不大，征信里面还能查到这些逾期记录的话还是别申请了，基本不会过,O O O O O B-PRODUCT I-PRODUCT O O O O O O O O B-COMMENTS_N I-COMMENTS_N O O O O O O O O O O O O O O O O,2,建设银行
330,玖富不是撤了征信么，可以看看,B-PRODUCT I-PRODUCT O O O O B-PRODUCT I-PRODUCT O O O O O O,2,建设银行
331,什么时候开始撤的？老哥你咋这么机智,O O O O O O O O O O O O O O O B-COMMENTS_ADJ I-COMMENTS_ADJ,2,
332,没看论坛么，很多人的征信没结清的都撤了，具体原因众说纷纭。。。。就一个星期前的事,O O O O O O B-COMMENTS_ADJ I-COMMENTS_ADJ O O B-PRODUCT I-PRODUCT O O O O O O O O O O O O O O O O O O O O O O O O O O O O,2,建设银行
333,你他行信用卡有逾期人行的征信记录肯定有影响，很难办下来。,O O O B-PRODUCT I-PRODUCT I-PRODUCT O B-COMMENTS_N I-COMMENTS_N O O O B-PRODUCT I-PRODUCT B-PRODUCT I-PRODUCT O O O O O O B-COMMENTS_ADJ I-COMMENTS_ADJ O O O O,2,建设银行
334,看你资质怎么样，资质没问题的话，贷款问题不大,O O O O O O O O O O O O O O O O B-PRODUCT I-PRODUCT O O O O,2,
335,路过看看哈，能提额还是提吧,O O O O O O O B-COMMENTS_N I-COMMENTS_N O O O O,2,
336,看有没有前置,O O O O O O,2,建设银行
337,各位以后切记不要尝试咯，花费几百大洋测试底线没有必要，还是按照银行的要求来吧，这样不会被坑,O O O O O O O O O O O O O O O O O O O O O O O O O O O O O O O O O O O O O O O O O O O O B-COMMENTS_ADJ,2,
338,超过5行，建行很难提,O O O O O B-BANK I-BANK O B-COMMENTS_ADJ O,2,建设银行
339,招行：young卡45K,B-BANK I-BANK O O O O O O O O O O,2,建设银行
340,55K额度都用不了，其实你不用太在意额度的,O O O B-COMMENTS_N I-COMMENTS_N O O O O O O O O O O O O O B-COMMENTS_N I-COMMENTS_N O,2,建设银行
341,分期没有,B-PRODUCT I-PRODUCT O O,2,建设银行
342,这操作会被盯上的，销卡咋办,O O O O O O O O O B-COMMENTS_N I-COMMENTS_N O O,2,
343,建行5万后很难提额了，出临时有什么意义呢，和固定没什么关系,B-BANK I-BANK O O O B-COMMENTS_ADJ I-COMMENTS_ADJ B-COMMENTS_N I-COMMENTS_N O O O O O O O O O O O O O O O O O O O O,0,建设银行
344,建行108k,B-BANK I-BANK O O O O,2,
345,就是想有个好的开端,O O O O O B-COMMENTS_ADJ I-COMMENTS_ADJ O O,1,建设银行
346,前几天现金分期27.5Ｋ，之前还有个10Ｋ，打算这次弄完还没有动静就搞其它银行，还完后丢一边去,O O O B-PRODUCT I-PRODUCT I-PRODUCT I-PRODUCT O O O O O O O O O O O O O O O O O O O O O O O O O O O O O O O O O O O O O O O O,2,建设银行
347,我做过2次现金分期，特么钱一直在储蓄卡里，发风险短信来说我违规操作。。立马打电话过去怼，现在打过来要办业务的，通通怼回去。恶心...,O O O O O B-PRODUCT I-PRODUCT I-PRODUCT I-PRODUCT O O O O O O O B-PRODUCT I-PRODUCT I-PRODUCT O O O O O O O O O O O O O O O O O O O O O O O O O O O O O O O O O O O O O O O O O O B-COMMENTS_ADJ I-COMMENTS_ADJ O O O,0,建设银行
348,七行，建行重新新户申请，下卡4.5，原来是1.0，还涨了额度,O O O B-BANK I-BANK O O B-COMMENTS_N I-COMMENTS_N O O O B-COMMENTS_N I-COMMENTS_N O O O O O O O O O O O O B-COMMENTS_ADJ O B-COMMENTS_N I-COMMENTS_N,2,建设银行
349,四行也没用，去年和前年我只有两行卡工商和建设，没逾期没小贷无负债连临时都没有，还特意养了几个月征信，4年没提。所以今年直接下了猴子和恒丰，爱提不提。...,O O O O O O O O O O O O B-COMMENTS_ADJ I-COMMENTS_ADJ O O O B-BANK I-BANK O B-BANK I-BANK O O B-COMMENTS_N I-COMMENTS_N O O O O B-COMMENTS_N I-COMMENTS_N O O O O O O O O O O O O O O O B-PRODUCT I-PRODUCT O O O O O O O O O O O O O O O O O B-BANK I-BANK O O O O O O O O O,2,建设银行
350,你是真损，哈哈哈哈哈,O O B-COMMENTS_ADJ I-COMMENTS_ADJ O O O O O O,2,建设银行
351,因为任务量暴增了，不放水上面的kpi也完不成嘛。,O O O O O B-COMMENTS_N I-COMMENTS_N O O O B-COMMENTS_ADJ I-COMMENTS_ADJ O O O O O O O O O O O O,2,建设银行
352,二卡还好吧，我三卡通过的。二卡汽车卡单标,O O B-COMMENTS_ADJ I-COMMENTS_ADJ O O O O O O O O O O O B-PRODUCT I-PRODUCT I-PRODUCT B-PRODUCT I-PRODUCT,2,建设银行
353,我也是，二卡汽车卡年费才交，看见双标活动就办了三卡，又是200年费。早知道直接办双标,O O O O O O B-PRODUCT I-PRODUCT I-PRODUCT B-COMMENTS_N I-COMMENTS_N O O O O O B-PRODUCT I-PRODUCT O O O O O O O O O O O O O B-COMMENTS_N I-COMMENTS_N O O O O O O O B-PRODUCT I-PRODUCT,2,建设银行
354,你办的交通银行的信用卡是怎么通过的？,O O O B-BANK I-BANK I-BANK I-BANK O B-PRODUCT I-PRODUCT I-PRODUCT O O O O O O O,2,
355,专项积分怎么搞，刷卡就能搞到吗？,O O B-PRODUCT I-PRODUCT O O O O B-COMMENTS_N I-COMMENTS_N O O O O O O,2,建设银行
356,就有卡通道直接申请，没提交其它材料,O O O O O O O O O O O O O O O O O,2,建设银行
357,有卡通道在哪里,O O O O O O O,2,建设银行
358,是不是没有建行储蓄卡？看进度和这个字面显示的意思我个人理解是让你本人先去网点完成面签（即所谓银行的三亲见，保证是本人申请）然后再制卡邮寄...,O O O O O B-BANK I-BANK B-PRODUCT I-PRODUCT I-PRODUCT O O O O O O O O O O O O O O O O O O O O O O O O O O O O O O O O O O O O O O O O O O O O O O O O O O O O O O O O O O O O O,2,建设银行
359,额度怎么看？,B-COMMENTS_N I-COMMENTS_N O O O O,2,建设银行
360,已有六行还能下小建啊,O O O O O O O O O O,2,
361,对啊，之前卡少的时候申请也不过搞不懂…,O O O O O O B-COMMENTS_ADJ O O O O O O O O O O O O,2,建设银行
362,果然限制只对于我们这些凡人你这种102k授信的大佬好像可以为所欲为,B-COMMENTS_ADJ I-COMMENTS_ADJ O O O O O O O O O O O O O O O O O O B-COMMENTS_N I-COMMENTS_N O O O O O O O O O O O,2,建设银行
363,你这是建行首卡吗？已经几行信用卡了？,O O O B-BANK I-BANK B-PRODUCT I-PRODUCT O O O O O O B-PRODUCT I-PRODUCT I-PRODUCT O O,2,建设银行
364,我有储蓄卡??都是直接邮寄给我的,O O B-PRODUCT I-PRODUCT I-PRODUCT O O O O O O O O O O O,2,
365,现在跑步还来得及吗,O O O O O O O O O,2,建设银行
366,亏你还是金卡,B-COMMENTS_ADJ O O O B-PRODUCT I-PRODUCT,2,建设银行
367,我11行能申请建行吗,O O O O O O O B-BANK I-BANK O,2,建设银行
368,稳了我感觉最低都有3.8万以上,B-COMMENTS_ADJ I-COMMENTS_ADJ O O O B-COMMENTS_ADJ I-COMMENTS_ADJ O O O O O O O O,2,建设银行
369,额度报喜,B-COMMENTS_N I-COMMENTS_N B-COMMENTS_ADJ I-COMMENTS_ADJ,1,建设银行
370,这额度怎么算的？,O B-COMMENTS_N I-COMMENTS_N O O O O O,2,建设银行
371,建设喜欢平均额度高一点点但是一般不会仿别的银行的！你卡额度不低一般都会在我说的那个额度浮动吧！不过你也可能像别的卡友下卡6万以上！！今天去面签看下吧...,B-BANK I-BANK B-COMMENTS_ADJ I-COMMENTS_ADJ O O B-COMMENTS_N I-COMMENTS_N B-COMMENTS_ADJ O O O O O O O O O O O O O O O O O O B-COMMENTS_N I-COMMENTS_N O O O O O O O O O O O O B-COMMENTS_N I-COMMENTS_N B-COMMENTS_ADJ I-COMMENTS_ADJ O O O O O O O O O O O O O B-COMMENTS_N I-COMMENTS_N O O O O O O O O O O O O O O O O O,2,建设银行
372,有储蓄卡，不过一直都没用就是了,O B-PRODUCT I-PRODUCT I-PRODUCT O O O O O O O O O O O,2,建设银行
373,我有储蓄卡??都不用面签了,O O B-PRODUCT I-PRODUCT I-PRODUCT O O O O O O O O,2,
374,是的过了面签等收卡手机APP上激活昨天刚操作完,O O O O O O O O O O O O O O O B-COMMENTS_N I-COMMENTS_N O O O O O O,2,建设银行
375,面签完是不是就可以看到额度了？,O O O O O O O O O O O B-COMMENTS_N I-COMMENTS_N O O,2,建设银行
376,是的，APP上能看到额度,O O O O O O O O O O B-COMMENTS_N I-COMMENTS_N,2,建设银行
377,快贷有额度就很容易过，,B-PRODUCT I-PRODUCT O B-PRODUCT I-PRODUCT O O B-COMMENTS_ADJ I-COMMENTS_ADJ O O,2,建设银行
378,看了你帖子大概率要套路。。,O O O O O O O O O B-COMMENTS_ADJ I-COMMENTS_ADJ O O,0,建设银行
379,代发这么高额度怕个毛,O O O O B-COMMENTS_ADJ B-COMMENTS_N I-COMMENTS_N B-COMMENTS_ADJ O O,2,建设银行
380,我有额度就没过，下款才查征信，有一点毛病就拒的你怀疑人生,O O B-PRODUCT I-PRODUCT O O O O O O O O B-PRODUCT I-PRODUCT O O O O B-COMMENTS_N I-COMMENTS_N O B-COMMENTS_ADJ O O O O O O,0,建设银行
381,不过不上征信吗？没敢试,O O O O B-PRODUCT I-PRODUCT O O O B-COMMENTS_ADJ O,2,建设银行
382,你下过你应该知道呀，过不过都是一次贷款查询,O O O O O O O O O O O O O O O O O B-PRODUCT I-PRODUCT O O,2,建设银行
383,快贷很少套路的，利率还低,B-PRODUCT I-PRODUCT O O B-COMMENTS_ADJ I-COMMENTS_ADJ O O B-COMMENTS_N I-COMMENTS_N O B-COMMENTS_ADJ,0,建设银行
384,我才3400,O B-COMMENTS_ADJ O O O O,2,建设银行
385,怕个卵。。,B-COMMENTS_ADJ O O O O,2,建设银行
386,我和你一样，申请吧，反正我没申请下来，你看下能有多少额度,O O O O O O O O O O O O O O O O O O O O O O O O O O B-COMMENTS_N I-COMMENTS_N,2,
387,代发工资就是叼，难怪额度这么高,O O O O O O O O O O B-COMMENTS_N I-COMMENTS_N O O B-COMMENTS_ADJ,2,
388,不容易过。,B-COMMENTS_ADJ I-COMMENTS_ADJ I-COMMENTS_ADJ I-COMMENTS_ADJ O,2,建设银行
389,负债高征信花过不了，点一次上一次征信！我也是代发工资！有额度用不了,B-COMMENTS_N I-COMMENTS_N B-COMMENTS_ADJ B-PRODUCT I-PRODUCT O O O O O O O O O O O B-PRODUCT I-PRODUCT O O O O O O O O O O B-COMMENTS_N I-COMMENTS_N O O O,2,建设银行
390,失败！点,B-COMMENTS_ADJ I-COMMENTS_ADJ O O,2,建设银行
391,关键这个月查询多，大数据都花了，以前下款的时候没有这些网贷,O O O O O O O B-COMMENTS_ADJ O O O O O O O O O O O O O O O O O O O B-PRODUCT I-PRODUCT,2,建设银行
392,代发就能过啊？那说明是资质不错的，一般银行都会批信用卡的,O O O O O O O O O O O O O O O O O O O O O O O O B-PRODUCT I-PRODUCT I-PRODUCT O,2,
393,楼主什么资质，额度这么高,O O O O O O O B-COMMENTS_N I-COMMENTS_N O O O,2,
394,建行没什么套路信用卡别太多了就行,B-BANK I-BANK O O O B-COMMENTS_ADJ I-COMMENTS_ADJ B-PRODUCT I-PRODUCT I-PRODUCT O B-COMMENTS_ADJ I-COMMENTS_ADJ O O O,2,建设银行
395,只会锦上添花，不会雪中送炭,O O B-COMMENTS_ADJ I-COMMENTS_ADJ I-COMMENTS_ADJ I-COMMENTS_ADJ O O O B-COMMENTS_ADJ I-COMMENTS_ADJ I-COMMENTS_ADJ I-COMMENTS_ADJ,0,建设银行
396,快贷没什么不良记录基本都会过,B-PRODUCT I-PRODUCT O O O O O O O O O O O O,2,建设银行
397,没逾期，网贷多，花的不能再花了,O B-COMMENTS_ADJ I-COMMENTS_ADJ O B-PRODUCT I-PRODUCT B-COMMENTS_ADJ O O O B-COMMENTS_ADJ I-COMMENTS_ADJ O O O,2,建设银行
398,有公积金吗，额度多少，我这39000.明天到期，不知道还了还能不能出额度,O B-PRODUCT I-PRODUCT I-PRODUCT O O B-COMMENTS_N I-COMMENTS_N B-COMMENTS_ADJ I-COMMENTS_ADJ O O O O O O O O O O O B-COMMENTS_N I-COMMENTS_N O O O O O O O O B-COMMENTS_ADJ I-COMMENTS_ADJ O B-COMMENTS_N I-COMMENTS_N,2,建设银行
399,套路了,B-COMMENTS_ADJ I-COMMENTS_ADJ O,2,建设银行